{
    "$schema": "https://schema.management.azure.com/schemas/2015-01-01/deploymentParameters.json#",
    "contentVersion": "1.0.0.0",
    "parameters": {
        "vulnerabilityAssessments_Default_storageContainerPath": {
            "value": null
        },
        "sites_Team_3_Web_app_name": {
            "value": null
        },
        "sites_Team_3_function_name": {
            "value": null
        },
        "vaults_Team_3_key_name": {
            "value": null
        },
        "servers_team_3_server_n_name": {
            "value": null
        },
        "serverfarms_ASP_Team3_89ed_name": {
            "value": null
        },
        "components_Team_3_Web_app_name": {
            "value": null
        },
        "components_Team_3_function_name": {
            "value": null
        },
        "publicIPAddresses_public_p1_name": {
            "value": null
        },
        "azureFirewalls_Team_3_firewall_name": {
            "value": null
        },
        "publicIPAddresses_163_34_15_26_name": {
            "value": null
        },
        "virtualNetworks_Team_3_Network_name": {
            "value": null
        },
        "firewallPolicies_firewall_policy_name": {
            "value": null
        },
        "storageAccounts_team3storageaccount1_name": {
            "value": null
        },
        "actionGroups_Application_Insights_Smart_Detection_name": {
            "value": null
        },
        "workspaces_DefaultWorkspace_bc3474c1_0c2e_45b2_aee5_3b767ac0ebbf_NEU_externalid": {
            "value": null
        }
    }
}